,Id,quartos,suites,vagas,area_util,area_extra,churrasqueira,estacionamento,piscina,playground,quadra,s_festas,s_jogos,s_ginastica,sauna,vista_mar,preco
count,4683.0,4683.0,4683.0,4683.0,4683.0,4683.0,4683.0,4683.0,4683.0,4683.0,4683.0,4683.0,4683.0,4683.0,4683.0,4683.0,4683.0
mean,4341.0,3.0435618193465728,1.4343369634849454,1.7080931027119368,124.1580183642964,13.293188127268845,0.31689088191330345,0.03074951953875721,0.5556267349989323,0.15737774930600043,0.039077514413837285,0.13815929959427717,0.006833226564168268,0.013666453128336536,0.09630578688874653,0.027332906256673072,927705.3051740337
std,1352.009985170228,0.87359008136246,1.1024572197863844,1.2109745980076996,107.36510969827847,266.80375641417675,0.4653141794670848,0.17265674686999827,0.4969490934069739,0.364195437497556,0.1938001095373778,0.3451039542641015,0.08238921697322697,0.1161144273147185,0.29504164234978103,0.16306899397512237,10506066.838460557
min,2000.0,1.0,0.0,0.0,21.0,0.0,0.0,0.0,0.0,0.0,0.0,0.0,0.0,0.0,0.0,0.0,750.0
25%,3170.5,3.0,1.0,1.0,68.0,0.0,0.0,0.0,0.0,0.0,0.0,0.0,0.0,0.0,0.0,0.0,355000.0
50%,4341.0,3.0,1.0,2.0,96.0,0.0,0.0,0.0,1.0,0.0,0.0,0.0,0.0,0.0,0.0,0.0,515000.0
75%,5511.5,4.0,2.0,2.0,149.0,0.0,1.0,0.0,1.0,0.0,0.0,0.0,0.0,0.0,0.0,0.0,830000.0
max,6682.0,9.0,6.0,30.0,2045.0,17450.0,1.0,1.0,1.0,1.0,1.0,1.0,1.0,1.0,1.0,1.0,630000000.0
